Title, url, description
Google, http://www.google.com, Search the world's information including webpages images videos and more. Google has many special features to help you find exactly what you're looking for.
Yahoo, http://www.yahoo.com, House Speaker Nancy Pelosi made a subtle jab towards Rep. Alexandria Ocasio-Cortez over her alleged dependency on Twitter for public support, insinuating that the freshman lawmaker is …
Facebook, https://www.facebook.com, Create an account or log into Facebook. Connect with friends, family and other people you know. Share photos and videos, send messages and get updates.
Cisco - Official Site, https://www.cisco.com, Cisco is the worldwide leader in IT, networking, and cybersecurity solutions. We help companies of all sizes transform how people connect, communicate, and collaborate.
Apple | Official site, https://www.apple.com, Mac iPad iPhone Apple Watch and AirPods. Shop the latest products. Fast and free delivery · Apple Store pickup
Microsoft - Official Home Page, https://www.microsoft.com/en-us/, At Microsoft our mission and values are to help people and businesses throughout the world realize their full potential.
IBM Homepage | Let's Put Smart To Work, https://www.ibm.com, Together With Our Clients IBM Is Putting Smart To Work. Learn More Today. Currently 79% of organizations globally say advancing women into leadership roles ... You have visited ibm.com 2 times in last 90 days.
Amazon.com® Official Site, http://www.amazon.com, Huge Selection and Amazing Prices. Free Two-Day Shipping with Prime. Try Prime for Free · Fast Shipping · Explore Amazon Devices · Find Deals & Low Prices
Electronics & Appliances: Tablets ... - Samsung US, https://www.samsung.com, H From 4/1/19 until 4/13/19 or while supplies last whichever is sooner buy a select Unlocked high memory variant Galaxy S10e S10, or S10+ and get a free gift. Gift will vary based on the model selected. Galaxy S10e 256 will receive a Duo Charger, Galaxy S10 512GB will receive a Tab A8”, Galaxy S10+ 512GB will receive a Chromebook Plus Galaxy S10+ 1TB will receive a GS3 frontier & …
Snapchat - Official Site, https://www.snapchat.com, We hosted our first ever Snap Partner Summit on Thursday April 4th 2019 in Los Angeles. Watch the keynote announcing big developments in Content Augmented Reality and Gaming.
Yahoo, http://www.yahoo.com, House Speaker Nancy Pelosi made a subtle jab towards Rep. Alexandria Ocasio-Cortez over her alleged dependency on Twitter for public support, insinuating that the freshman lawmaker is …